<?xml version="1.0" encoding="UTF-8"?>
<GenRun Id="clk_100_111_a7_1_synth_1" LaunchPart="xc7a100tcsg324-1" LaunchTime="1459392356">
  <File Type="RUN-CONSTRS" Name="$PDATADIR/runs/clk_100_111_a7_1_synth_1/constrs_in.xml"/>
  <File Type="RDS-DCP" Name="clk_100_111_a7_1.dcp"/>
  <File Type="RUN-SRCS" Name="$PDATADIR/runs/clk_100_111_a7_1_synth_1/sources.xml"/>
  <File Type="RDS-UTIL-PB" Name="clk_100_111_a7_1_utilization_synth.pb"/>
  <File Type="RUN-STRAT" Name="$PDATADIR/runs/clk_100_111_a7_1_synth_1/clk_100_111_a7_1_synth_1.psg"/>
  <File Type="PA-TCL" Name="clk_100_111_a7_1.tcl"/>
  <File Type="RDS-PROPCONSTRS" Name="clk_100_111_a7_1_drc_synth.rpt"/>
  <File Type="RDS-RDS" Name="clk_100_111_a7_1.vds"/>
  <File Type="RDS-UTIL" Name="clk_100_111_a7_1_utilization_synth.rpt"/>
  <File Type="VDS-TIMINGSUMMARY" Name="clk_100_111_a7_1_timing_summary_synth.rpt"/>
  <File Type="VDS-TIMING-PB" Name="clk_100_111_a7_1_timing_summary_synth.pb"/>
  <FileSet Name="sources" Type="BlockSrcs" RelSrcDir="$PSRCDIR/clk_100_111_a7_1">
    <File Path="$PSRCDIR/sources_1/ip/clk_100_111_a7_1/clk_100_111_a7_1.xci">
      <FileInfo>
        <Attr Name="UsedIn" Val="synthesis"/>
        <Attr Name="UsedIn" Val="implementation"/>
        <Attr Name="UsedIn" Val="simulation"/>
      </FileInfo>
    </File>
    <Config>
      <Option Name="TopModule" Val="clk_100_111_a7_1"/>
      <Option Name="UseBlackboxStub" Val="1"/>
    </Config>
  </FileSet>
  <FileSet Name="constrs_in" Type="BlockSrcs" RelSrcDir="$PSRCDIR/clk_100_111_a7_1">
    <File Path="$PSRCDIR/sources_1/ip/clk_100_111_a7_1/clk_100_111_a7_1.xci">
      <FileInfo>
        <Attr Name="UsedIn" Val="synthesis"/>
        <Attr Name="UsedIn" Val="implementation"/>
        <Attr Name="UsedIn" Val="simulation"/>
      </FileInfo>
    </File>
    <Config>
      <Option Name="TopModule" Val="clk_100_111_a7_1"/>
      <Option Name="UseBlackboxStub" Val="1"/>
    </Config>
  </FileSet>
  <Strategy Version="1" Minor="2">
    <StratHandle Name="Vivado Synthesis Defaults" Flow="Vivado Synthesis 2015"/>
    <Step Id="synth_design"/>
  </Strategy>
</GenRun>
