<?xml version="1.0" encoding="UTF-8"?>
<GenRun Id="impl_1" LaunchPart="xc7a100tcsg324-1" LaunchTime="1459521897">
  <File Type="OPT-DCP" Name="fpga_top_opt.dcp"/>
  <File Type="RUN-CONSTRS" Name="$PDATADIR/runs/impl_1/constrs_in.xml"/>
  <File Type="RUN-SRCS" Name="$PDATADIR/runs/impl_1/sources.xml"/>
  <File Type="ROUTE-DCP" Name="fpga_top_routed.dcp"/>
  <File Type="PA-TCL" Name="fpga_top.tcl"/>
  <File Type="RUN-STRAT" Name="$PDATADIR/runs/impl_1/impl_1.psg"/>
  <File Type="OPT-DRC" Name="fpga_top_drc_opted.rpt"/>
  <File Type="INIT-TIMING" Name="fpga_top_timing_summary_init.rpt"/>
  <File Type="OPT-TIMING" Name="fpga_top_timing_summary_opted.rpt"/>
  <File Type="OPT-HWDEF" Name="fpga_top.hwdef"/>
  <File Type="PWROPT-DCP" Name="fpga_top_pwropt.dcp"/>
  <File Type="PWROPT-DRC" Name="fpga_top_drc_pwropted.rpt"/>
  <File Type="PWROPT-TIMING" Name="fpga_top_timing_summary_pwropted.rpt"/>
  <File Type="PLACE-DCP" Name="fpga_top_placed.dcp"/>
  <File Type="PLACE-IO" Name="fpga_top_io_placed.rpt"/>
  <File Type="PLACE-CLK" Name="fpga_top_clock_utilization_placed.rpt"/>
  <File Type="PLACE-UTIL" Name="fpga_top_utilization_placed.rpt"/>
  <File Type="PLACE-UTIL-PB" Name="fpga_top_utilization_placed.pb"/>
  <File Type="PLACE-CTRL" Name="fpga_top_control_sets_placed.rpt"/>
  <File Type="PLACE-SIMILARITY" Name="fpga_top_incremental_reuse_placed.rpt"/>
  <File Type="PLACE-PRE-SIMILARITY" Name="fpga_top_incremental_reuse_pre_placed.rpt"/>
  <File Type="PLACE-TIMING" Name="fpga_top_timing_summary_placed.rpt"/>
  <File Type="POSTPLACE-PWROPT-DCP" Name="fpga_top_postplace_pwropt.dcp"/>
  <File Type="POSTPLACE-PWROPT-TIMING" Name="fpga_top_timing_summary_postplace_pwropted.rpt"/>
  <File Type="PHYSOPT-DCP" Name="fpga_top_physopt.dcp"/>
  <File Type="RDI-RDI" Name="fpga_top.vdi"/>
  <File Type="PHYSOPT-DRC" Name="fpga_top_drc_physopted.rpt"/>
  <File Type="PHYSOPT-TIMING" Name="fpga_top_timing_summary_physopted.rpt"/>
  <File Type="ROUTE-DRC" Name="fpga_top_drc_routed.rpt"/>
  <File Type="ROUTE-DRC-PB" Name="fpga_top_drc_routed.pb"/>
  <File Type="ROUTE-PWR" Name="fpga_top_power_routed.rpt"/>
  <File Type="ROUTE-PWR-SUM" Name="fpga_top_power_summary_routed.pb"/>
  <File Type="ROUTE-STATUS" Name="fpga_top_route_status.rpt"/>
  <File Type="ROUTE-STATUS-PB" Name="fpga_top_route_status.pb"/>
  <File Type="ROUTE-TIMINGSUMMARY" Name="fpga_top_timing_summary_routed.rpt"/>
  <File Type="ROUTE-TIMING-PB" Name="fpga_top_timing_summary_routed.pb"/>
  <File Type="ROUTE-TIMING-RPX" Name="fpga_top_timing_summary_routed.rpx"/>
  <File Type="ROUTE-SIMILARITY" Name="fpga_top_incremental_reuse_routed.rpt"/>
  <File Type="ROUTE-CLK" Name="fpga_top_clock_utilization_routed.rpt"/>
  <File Type="POSTROUTE-PHYSOPT-DCP" Name="fpga_top_postroute_physopt.dcp"/>
  <File Type="POSTROUTE-PHYSOPT-TIMING" Name="fpga_top_timing_summary_postroute_physopted.rpt"/>
  <File Type="POSTROUTE-PHYSOPT-TIMING-PB" Name="fpga_top_timing_summary_postroute_physopted.pb"/>
  <File Type="POSTROUTE-PHYSOPT-TIMING-RPX" Name="fpga_top_timing_summary_postroute_physopted.rpx"/>
  <File Type="BG-BIT" Name="fpga_top.bit"/>
  <File Type="BG-BIN" Name="fpga_top.bin"/>
  <File Type="BITSTR-MSK" Name="fpga_top.msk"/>
  <File Type="BITSTR-RBT" Name="fpga_top.rbt"/>
  <File Type="BITSTR-NKY" Name="fpga_top.nky"/>
  <File Type="BITSTR-BMM" Name="fpga_top_bd.bmm"/>
  <File Type="BITSTR-MMI" Name="fpga_top.mmi"/>
  <File Type="BITSTR-SYSDEF" Name="fpga_top.sysdef"/>
  <File Type="BG-BGN" Name="fpga_top.bgn"/>
  <File Type="BG-DRC" Name="fpga_top.drc"/>
  <File Type="WBT-USG" Name="usage_statistics_webtalk.html"/>
  <FileSet Name="sources" Type="DesignSrcs" RelSrcDir="$PSRCDIR/sources_1">
    <Filter Type="Srcs"/>
    <File Path="$PPRDIR/../../rtl/system/SDRAM_PHYIO.vhd">
      <FileInfo>
        <Attr Name="UsedIn" Val="synthesis"/>
        <Attr Name="UsedIn" Val="simulation"/>
      </FileInfo>
    </File>
    <File Path="$PPRDIR/../../rtl/system/SDRAM_CTRL.vhd">
      <FileInfo>
        <Attr Name="UsedIn" Val="synthesis"/>
        <Attr Name="UsedIn" Val="simulation"/>
      </FileInfo>
    </File>
    <File Path="$PPRDIR/../../rtl/system/ByteHEXdisplay.vhd">
      <FileInfo>
        <Attr Name="UsedIn" Val="synthesis"/>
        <Attr Name="UsedIn" Val="simulation"/>
      </FileInfo>
    </File>
    <File Path="$PPRDIR/../../rtl/system/fpga_top.vhd">
      <FileInfo>
        <Attr Name="UsedIn" Val="synthesis"/>
        <Attr Name="UsedIn" Val="simulation"/>
      </FileInfo>
    </File>
    <File Path="$PPRDIR/../../rtl/testbench/ddr2_parameters.vh">
      <FileInfo>
        <Attr Name="AutoDisabled" Val="1"/>
        <Attr Name="UsedIn" Val="synthesis"/>
        <Attr Name="UsedIn" Val="simulation"/>
      </FileInfo>
    </File>
    <File Path="$PPRDIR/../../rtl/testbench/ddr2.v">
      <FileInfo>
        <Attr Name="AutoDisabled" Val="1"/>
        <Attr Name="UsedIn" Val="synthesis"/>
        <Attr Name="UsedIn" Val="implementation"/>
        <Attr Name="UsedIn" Val="simulation"/>
      </FileInfo>
    </File>
    <File Path="$PPRDIR/../../rtl/testbench/test_fpga_top.vhd">
      <FileInfo>
        <Attr Name="AutoDisabled" Val="1"/>
        <Attr Name="UsedIn" Val="synthesis"/>
        <Attr Name="UsedIn" Val="simulation"/>
      </FileInfo>
    </File>
    <Config>
      <Option Name="DesignMode" Val="RTL"/>
      <Option Name="TopModule" Val="fpga_top"/>
    </Config>
  </FileSet>
  <FileSet Name="constrs_in" Type="Constrs" RelSrcDir="$PSRCDIR/constrs_1">
    <Filter Type="Constrs"/>
    <File Path="$PPRDIR/../../constr/fpga_top.xdc">
      <FileInfo>
        <Attr Name="UsedIn" Val="synthesis"/>
        <Attr Name="UsedIn" Val="implementation"/>
      </FileInfo>
    </File>
    <File Path="$PPRDIR/../../constr/nexys4_ddr_sdram.xdc">
      <FileInfo>
        <Attr Name="UsedIn" Val="synthesis"/>
        <Attr Name="UsedIn" Val="implementation"/>
      </FileInfo>
    </File>
    <Config>
      <Option Name="ConstrsType" Val="XDC"/>
    </Config>
  </FileSet>
  <Strategy Version="1" Minor="2">
    <StratHandle Name="Vivado Implementation Defaults" Flow="Vivado Implementation 2015"/>
    <Step Id="init_design"/>
    <Step Id="opt_design"/>
    <Step Id="power_opt_design"/>
    <Step Id="place_design"/>
    <Step Id="post_place_power_opt_design"/>
    <Step Id="phys_opt_design"/>
    <Step Id="route_design"/>
    <Step Id="post_route_phys_opt_design"/>
    <Step Id="write_bitstream"/>
  </Strategy>
  <BlockFileSet Type="BlockSrcs" Name="clk_100_100_a7_1"/>
</GenRun>
